ref,qty,part_number,manufacturer,description,key_parameters,status,source,notes
Q1-Q8,8,EPC2361,EPC,100 V enhancement-mode GaN FET,"Rds(on) 0.75/1.0 mOhm typ/max; Qg 28 nC; Qoss 90 nC @50 V; Qrr 0; 3x5 mm QFN",VERIFIED,https://epc-co.com/epc/Portals/0/epc/documents/datasheets/EPC2361_datasheet.pdf,"Chosen by device sweep (best CEC of six EPC candidates, see data/flagship_results.json). 100 V class because a switch can see the full 60 V bus before the flying capacitor is charged."
Q_IN Q_BP,2,INV100FQ030C,Innoscience,100 V monolithic bidirectional GaN switch,"Rds(on) 2.5/3.2 mOhm; 100 A; Qg 66 nC; FCQFN 4x6 mm",VERIFIED (product page),https://www.innoscience.com/product/detail/11/549,"Q_IN: input disconnect (blocks both ways: reverse polarity and night-time backfeed) replacing two back-to-back MOSFETs. Q_BP: pass-through bypass. Confirm single vs dual gate in the datasheet before layout."
L1,1,SER2918H-472,Coilcraft,4.7 uH ferrite power inductor,"DCR 2.60/2.86 mOhm; Isat 59 A (10 % drop); Irms 20 A (20 C rise)",VERIFIED,https://www.coilcraft.com/,Core loss in the model uses generic ferrite Steinmetz data; validate with Coilcraft's core-loss calculator.
CF1 CF2,8,C5750X7S2A106K230KB,TDK,"10 uF 100 V X7S MLCC, 2220","about -40 % capacitance at 30 V DC bias (TDK characteristic chart)",VERIFIED,https://product.tdk.com/system/files/dam/doc/product/capacitor/ceramic/mlcc/charasheet/c5750x7s2a106k230kb.pdf,4 per flying capacitor. The M (+/-20 %) version is NRND; use K.
CIN COUT (MLCC),12,C5750X7S2A106K230KB,TDK,"10 uF 100 V X7S MLCC, 2220",as above,VERIFIED,https://product.tdk.com/,6 at the input and 6 at the output of the power stage
CIN COUT (bulk),4,EEE-FK2A330P,Panasonic,33 uF 100 V aluminium electrolytic SMD,"0.32 ohm @100 kHz; 10x10.2 mm",VERIFIED (ripple rating differs between page and catalog: use datasheet),https://industrial.panasonic.com/,Bulk energy for MPPT loop and surge; MLCCs carry the ripple.
RS1 RS2,2,CSS2H-3920R-1L00F,Bourns,1 mOhm 4-terminal shunt,"8 W @70 C; +/-1 %; 100 ppm/K",VERIFIED (datasheet),https://www.bourns.com/,RS1 measures panel current (MPPT); RS2 measures battery current (charge control).
U_CS1 U_CS2,2,INA241A (gain variant: select),Texas Instruments,current-sense amplifier,"-5 to 110 V common mode; gains 10-200 V/V; 1.1 MHz",PARTIAL (gain-variant suffix not verified),https://www.ti.com/,1 mOhm x 16 A = 16 mV; a ~100 V/V variant gives 1.6 V full scale.
U_ISO1-U_ISO8,8,ADuM4121ARIZ,Analog Devices,isolated single-channel gate driver 5 kVrms,"4.5-35 V output supply, grade A UVLO 4.4 V; >150 kV/us CMTI",VERIFIED (family); order code suffix not verified,https://www.analog.com/,Q1-Q3 and Q5-Q7 float with the flying capacitors; Q_IN and Q_BP float at the panel/battery rail.
U_DRV4 U_DRV8,2,LMG1020,Texas Instruments,5 V low-side GaN driver,"7 A / 5 A; 2.5 ns typ propagation",VERIFIED,https://www.ti.com/,Q4 and Q8 are ground referenced.
PS1-PS8,8,MEJ1S0505SC,Murata,1 W isolated DC-DC 5 V to 5 V,"5.2 kVDC; 3 pF isolation capacitance; unregulated",PARTIAL (product page blocked; datasheet seen),https://www.murata.com/,Low isolation capacitance matters on high dv/dt switch nodes. Add a 5.0 V regulator or clamp per rail: GaN gate absolute maximum is 6 V.
U_AUX,1,LM5164,Texas Instruments,100 V 1 A synchronous buck,"6-100 V input; constant on-time; up to 1 MHz; HSOIC-8",VERIFIED,https://www.ti.com/,Housekeeping supply from the battery side (runs at night for telemetry) or the panel via diode-OR.
U_MCU,1,STM32G474RET6,STMicroelectronics,Cortex-M4F 170 MHz MCU with HRTIM,"HRTIM 184 ps resolution; 5x 12-bit 4 Msps ADC",VERIFIED (STM32G474RE family),https://www.st.com/,Runs hardware/flagship/control/wf_ctrl.c (reference). Suffix T6 = LQFP64: confirm ordering code.
U_FPGA (alt),1,iCE40UP5K-SG48I,Lattice,small FPGA (alternative modulator),"5280 LUTs; QFN-48; open toolchain (Yosys/nextpnr)",PARTIAL (max clock not captured),https://www.latticesemi.com/,Only if the modulator is moved to hardware/flagship/hdl/wf_pwm3l.v. At 48 MHz one count is 20.8 ns: coarse for dead time.
R_BAL,4,SELECT AT LAYOUT,-,"flying-capacitor precharge/balance resistors, 100 kOhm 0.25 W 150 V","sets each flying cap to Vbus/2 before switching",SELECT,-,Generic part: choose at layout.
R_DIV,4,SELECT AT LAYOUT,-,"voltage-sense dividers, 0.1 % thin film","Vin, Vout, VCF1, VCF2",SELECT,-,Generic part: choose at layout.
NTC1,1,SELECT AT LAYOUT,-,10 kOhm NTC near Q1-Q8,over-temperature input,SELECT,-,Generic part: choose at layout.
